match,source,video_ts,match_clock,period,active_hub,red_live_score,blue_live_score,red_fuel_counter,blue_fuel_counter
Practice 12,1080p frame,5:07:10,0:20,PRE,none,0,0,0,0
Practice 12,1080p frame,5:07:20,0:19,AUTO,both,0,0,0,0
Practice 12,1080p frame,5:07:23,0:16,AUTO,both,0,0,0,0
Practice 12,1080p frame,5:07:26,0:13,AUTO,both,1,0,1,0
Practice 12,1080p frame,5:07:30,0:09,AUTO,both,2,1,2,1
Practice 12,1080p frame,5:07:34,0:05,AUTO,both,2,27,2,27
Practice 12,1080p frame,5:07:37,0:02,AUTO,both,3,58,3,58
Practice 12,1080p frame,5:07:40,2:20,TRANSITION,both,3,74,3,74
Practice 12,1080p frame,5:07:46,2:17,TRANSITION,both,3,75,3,75
Practice 12,1080p frame,5:07:52,2:11,TRANSITION,both,4,80,4,80
Practice 12,1080p frame,5:08:00,2:03,SHIFT1,red,10,80,5,80
Practice 12,1080p frame,5:08:08,1:55,SHIFT1,red,30,80,5,80
Practice 12,1080p frame,5:08:14,1:49,SHIFT1,red,30,80,5,80
Practice 12,1080p frame,5:08:19,1:44,SHIFT2,blue,31,80,6,80
Practice 12,1080p frame,5:08:25,1:38,SHIFT2,blue,31,107,6,107
Practice 12,1080p frame,5:08:33,1:30,SHIFT2,blue,31,172,6,172
Practice 12,1080p frame,5:08:40,1:23,SHIFT2,blue,31,208,6,208
Practice 12,1080p frame,5:08:46,1:17,SHIFT3,red,31,223,6,223
Practice 12,1080p frame,5:08:55,1:08,SHIFT3,red,33,223,8,223
Practice 12,1080p frame,5:09:04,0:59,SHIFT3,red,33,223,8,223
Practice 12,1080p frame,5:09:09,0:54,SHIFT4,blue,33,223,8,223
Practice 12,1080p frame,5:09:18,0:45,SHIFT4,blue,33,285,8,285
Practice 12,1080p frame,5:09:28,0:35,SHIFT4,blue,33,345,8,345
Practice 12,1080p frame,5:09:34,0:29,ENDGAME,both,33,371,8,371
Practice 12,1080p frame,5:09:42,0:21,ENDGAME,both,33,379,8,379
Practice 12,1080p frame,5:09:50,0:13,ENDGAME,both,33,381,8,381
Practice 12,1080p frame,5:09:57,0:06,ENDGAME,both,34,381,9,381
Practice 12,1080p frame,5:10:03,0:00,POST,none,36,398,11,398
Practice 12,results screen,5:11:50,FINAL,FINAL,none,16,409,11,409
Practice 3,320x180 storyboard,3:15:40,0:20,PRE,none,0,0,0,0
Practice 3,320x180 storyboard,3:15:50,0:17,AUTO,both,0,2,0,2
Practice 3,320x180 storyboard,3:16:00,0:07,AUTO,both,0,9,0,9
Practice 3,320x180 storyboard,3:16:10,2:20,TRANSITION,both,1,21,1,21
Practice 3,320x180 storyboard,3:16:20,2:11,TRANSITION,both,1,21,1,21
Practice 3,1080p frame,3:16:30,2:01,SHIFT1,red,2,21,2,21
Practice 3,320x180 storyboard,3:16:40,1:51,SHIFT1,red,5,21,,
Practice 3,320x180 storyboard,3:16:50,1:41,SHIFT2,blue,6,31,,
Practice 3,320x180 storyboard,3:17:00,1:31,SHIFT2,blue,6,90,,
Practice 3,320x180 storyboard,3:17:10,1:21,SHIFT2,blue,6,105,,
Practice 3,320x180 storyboard,3:17:20,1:11,SHIFT3,red,6,121,,
Practice 3,320x180 storyboard,3:17:30,1:01,SHIFT3,red,7,121,,
Practice 3,320x180 storyboard,3:17:40,0:51,SHIFT4,blue,10,130,,
Practice 3,320x180 storyboard,3:17:50,0:41,SHIFT4,blue,10,186,,
Practice 3,320x180 storyboard,3:18:00,0:31,SHIFT4,blue,10,196,,
Practice 3,320x180 storyboard,3:18:10,0:21,ENDGAME,both,10,237,,
Practice 3,320x180 storyboard,3:18:20,0:11,ENDGAME,both,11,249,,
Practice 3,320x180 storyboard,3:18:30,0:01,ENDGAME,both,16,251,11,251
Practice 3,320x180 storyboard,3:18:40,0:00,POST,none,16,253,11,253
Practice 3,results screen,3:21:00,FINAL,FINAL,none,16,271,11,271
Practice 8,1080p frame,4:05:10,0:20,PRE,none,0,0,,0
Practice 8,1080p frame,4:05:20,0:14,AUTO,both,0,0,,0
Practice 8,1080p frame,4:05:30,0:04,AUTO,both,23,0,,0
Practice 8,1080p frame,4:05:40,2:18,TRANSITION,both,73,7,,7
Practice 8,1080p frame,4:05:50,2:08,SHIFT1,blue,73,9,,9
Practice 8,1080p frame,4:06:00,1:58,SHIFT1,blue,73,13,,13
Practice 8,1080p frame,4:06:10,1:48,SHIFT1,blue,73,13,,13
Practice 8,1080p frame,4:06:20,1:38,SHIFT2,red,123,13,,13
Practice 8,1080p frame,4:06:30,1:28,SHIFT2,red,164,13,,13
Practice 8,1080p frame,4:06:40,1:18,SHIFT3,blue,174,13,,13
Practice 8,1080p frame,4:06:50,1:08,SHIFT3,blue,174,13,,13
Practice 8,1080p frame,4:07:00,0:58,SHIFT3,blue,174,13,,13
Practice 8,1080p frame,4:07:10,0:48,SHIFT4,red,211,13,,13
Practice 8,1080p frame,4:07:20,0:38,SHIFT4,red,294,13,,13
Practice 8,1080p frame,4:07:30,0:28,ENDGAME,both,313,13,,13
Practice 8,1080p frame,4:07:40,0:18,ENDGAME,both,321,13,,13
Practice 8,1080p frame,4:07:50,0:08,ENDGAME,both,330,13,,13
Practice 8,1080p frame,4:08:00,0:00,POST,none,371,13,,13
Practice 8,results screen,4:10:30,FINAL,FINAL,none,393,13,393,13
Practice 15,1080p frame,5:47:50,0:20,PRE,none,0,0,,0
Practice 15,1080p frame,5:48:00,0:15,AUTO,both,0,9,,9
Practice 15,1080p frame,5:48:10,0:05,AUTO,both,26,18,,18
Practice 15,1080p frame,5:48:20,2:19,TRANSITION,both,69,21,,21
Practice 15,1080p frame,5:48:30,2:09,SHIFT1,blue,69,24,,24
Practice 15,1080p frame,5:48:40,1:59,SHIFT1,blue,73,24,,24
Practice 15,1080p frame,5:48:50,1:49,SHIFT1,blue,73,24,,24
Practice 15,1080p frame,5:49:00,1:39,SHIFT2,red,113,24,,24
Practice 15,1080p frame,5:49:10,1:29,SHIFT2,red,158,24,,24
Practice 15,1080p frame,5:49:20,1:19,SHIFT3,blue,187,24,,24
Practice 15,1080p frame,5:49:30,1:09,SHIFT3,blue,188,24,,24
Practice 15,1080p frame,5:49:40,0:59,SHIFT3,blue,188,24,,24
Practice 15,1080p frame,5:49:50,0:49,SHIFT4,red,201,25,,25
Practice 15,1080p frame,5:50:00,0:39,SHIFT4,red,250,25,,25
Practice 15,1080p frame,5:50:10,0:29,ENDGAME,both,271,25,,25
Practice 15,1080p frame,5:50:20,0:19,ENDGAME,both,277,33,,33
Practice 15,1080p frame,5:50:30,0:09,ENDGAME,both,278,33,,33
Practice 15,1080p frame,5:50:40,0:00,POST,none,329,37,,37
Practice 15,results screen,5:51:20,FINAL,FINAL,none,342,40,342,40
Practice 20,1080p frame,6:52:30,0:19,AUTO,both,2,0,,0
Practice 20,1080p frame,6:52:40,0:09,AUTO,both,5,2,,2
Practice 20,1080p frame,6:52:50,2:20,TRANSITION,both,71,22,,22
Practice 20,1080p frame,6:53:00,2:13,TRANSITION,both,78,30,,25
Practice 20,1080p frame,6:53:10,2:03,SHIFT1,blue,78,30,,25
Practice 20,1080p frame,6:53:20,1:53,SHIFT1,blue,78,30,,25
Practice 20,1080p frame,6:53:30,1:43,SHIFT2,red,101,33,,28
Practice 20,1080p frame,6:53:40,1:33,SHIFT2,red,177,33,,28
Practice 20,1080p frame,6:53:50,1:23,SHIFT2,red,215,33,,28
Practice 20,1080p frame,6:54:00,1:13,SHIFT3,blue,243,34,,29
Practice 20,1080p frame,6:54:10,1:03,SHIFT3,blue,243,34,,29
Practice 20,1080p frame,6:54:20,0:53,SHIFT4,red,246,37,,32
Practice 20,1080p frame,6:54:30,0:43,SHIFT4,red,322,37,,32
Practice 20,1080p frame,6:54:40,0:33,SHIFT4,red,351,37,,32
Practice 20,1080p frame,6:54:50,0:23,ENDGAME,both,360,37,,32
Practice 20,1080p frame,6:55:00,0:13,ENDGAME,both,360,41,,36
Practice 20,1080p frame,6:55:10,0:03,ENDGAME,both,365,41,,36
Practice 20,1080p frame,6:55:20,0:00,POST,none,378,42,,37
Practice 20,results screen,6:57:20,FINAL,FINAL,none,394,42,379,37
