match,video_ts,red_teams,blue_teams,red_auto_fuel,red_auto_tower,red_teleop_fuel,red_teleop_tower,red_penalty_pts_awarded,red_total,blue_auto_fuel,blue_auto_tower,blue_teleop_fuel,blue_teleop_tower,blue_penalty_pts_awarded,blue_total,winner,red_rp_fuel100,red_rp_fuel360,red_rp_tower,blue_rp_fuel100,blue_rp_fuel360,blue_rp_tower
Practice 1,2:43:00,10146 9595 9132,8153 9483 9601,0,0,0,0,0,0,58,0,261,0,0,319,blue,0,0,0,1,0,0
Practice 2,3:04:00,10308 9233 9583,8557 10428 6064,2,0,5,0,0,7,2,0,16,0,5,23,blue,0,0,0,0,0,0
Practice 3,3:21:00,7611 10043 10050,9483 11244 11000,1,0,10,0,5,16,21,0,250,0,0,271,blue,0,0,0,1,0,0
Practice 4,3:38:00,4481 3646 10064,6436 10141 11244,5,0,15,0,0,20,0,0,0,0,0,0,red,0,0,0,0,0,0
Practice 7,3:55:00,9077 10308 11000,11244 6431 6436,2,0,20,0,0,22,0,0,23,0,0,23,blue,0,0,0,0,0,0
Practice 8,4:10:30,6431 8557 9483,10043 9233 6436,73,0,320,0,0,393,7,0,6,0,0,13,red,1,1,0,0,0,0
Practice 9,4:27:00,11244 9029 8153,6431 3646 5883,6,0,5,0,0,11,1,0,104,0,0,105,blue,0,0,0,1,0,0
Practice 10,4:38:40,10141 11244 9233,3646 8242 5883,14,0,4,0,0,18,0,0,10,0,0,10,red,0,0,0,0,0,0
Practice 11,4:52:40,11036 6436 9132,11416 5883 6064,15,0,21,0,0,36,0,0,15,0,0,15,red,0,0,0,0,0,0
Practice 12,5:11:50,6436 10428 7296,6431 9483 9077,3,0,8,0,5,16,75,0,334,0,0,409,blue,0,0,0,1,1,0
Practice 13,5:25:20,10064 9601 8557,9483 11244 8242,0,0,4,0,15,19,5,0,12,0,0,17,red,0,0,0,0,0,0
Practice 14,5:36:20,10308 11036 6431,11244 8153 10141,10,0,10,0,0,20,15,0,21,0,0,36,blue,0,0,0,0,0,0
Practice 15,5:51:20,9483 7611 11281,9583 9132 11244,69,0,273,0,0,342,20,0,20,0,0,40,red,1,0,0,0,0,0
Practice 16,6:04:50,11000 11244 3646,9233 6436 11416,9,0,1,0,0,10,4,0,16,0,0,20,blue,0,0,0,0,0,0
Practice 17,6:16:00,11244 4481 9077,9233 10146 8557,10,0,109,0,0,119,2,0,18,0,15,35,red,1,0,0,0,0,0
Practice 18,6:29:20,4481 9077 10230,10428 9583 11036,6,0,93,0,15,114,10,0,29,10,0,49,red,0,0,0,0,0,0
Practice 19,6:42:10,10428 4191 11244,6431 11000 11416,12,0,27,0,45,84,14,0,111,0,0,125,blue,0,0,0,1,0,0
Practice 20,6:57:20,4481 9483 3646,9132 7611 6436,78,0,301,0,15,394,25,0,12,0,5,42,red,1,1,0,0,0,0
Filler 1,7:30:10,6431 9233 5883,9029 9483 3646,24,0,69,0,5,98,52,0,264,0,0,316,blue,0,0,0,1,0,0
Filler 2,7:47:30,10141 6436 10428,6431 9132 10064,34,0,28,10,0,72,21,0,10,0,0,31,red,0,0,0,0,0,0
Filler 3,8:05:20,9029 10141 6,10428 6436 9132,11,0,63,0,5,79,10,0,27,0,0,37,red,0,0,0,0,0,0
